ID,Area,User Story,Expected Behavior (as implemented),Status,Defects,Defect Type,Evidence,Source References,Open Questions / Notes
AUTH-01,Auth (Staff),As a staff user I want to log in,signInWithPassword on the internal `supabase` client; requires active row in user_profiles; redirects to /painel; inline error handling.,Verified,-,-,Vitest,src/pages/Login.tsx; src/hooks/useAuth.tsx,Runtime blocked without Supabase config; UI is not the security boundary (RLS/RPC are).
AUTH-02,Auth (Staff),As the platform I want two isolated sessions,Two Supabase clients in src/services/supabase.ts: `supabase` (staff) and `supabasePortal` (own storageKey); sessions coexist without one logout dropping the other.,Verified,-,-,Static,src/services/supabase.ts; docs/ARCHITECTURE.md,-
AUTH-03,Auth (Portal),"As a customer I want to log in by email, CNPJ or CPF","PortalLogin resolves document identifiers via portal_resolve_login(text) to a technical email, then signInWithPassword on supabasePortal; hydrates overview and unlocks PortalProtectedRoute.",Verified,-,-,Vitest + SQL-contract,src/pages/PortalLogin.tsx; src/hooks/usePortalAuth.tsx; portalResolveLoginHardeningMigration.test.ts,-
AUTH-04,Auth (Portal),As a customer I want to recover my password without account enumeration,PortalForgotPassword resolves eligibility via portal_resolve_login and triggers Auth recovery; response is always generic.,Verified,-,-,Vitest,src/pages/PortalForgotPassword.tsx; src/hooks/usePortalAuth.tsx,-
AUTH-05,Auth (Portal),As a customer I want to set a new password from a recovery link,PortalResetPassword establishes a recovery session and updates the portal credential.,Verified,-,-,Vitest,src/pages/PortalResetPassword.tsx,-
AUTH-06,Auth (Portal),As the platform I want anon default-deny with one pre-auth exception,"portal_resolve_login(text) is the only documented anon pre-auth exception (ADR 0013): hashed identifier, attempt window, generic error. All other privileged functions revoke PUBLIC/anon (ADR 0011).",Verified,-,-,SQL-contract + Static,docs/adr/0011*.md; docs/adr/0013*.md; supabase/migrations/20260615220000_portal_ce_mercante_gate.sql,RESOLVED: 20260624100000_revoke_anon_portal_read_rpcs.sql revokes anon from the six Portal read RPCs; 20260624100100_guard_definer_rpcs_active_user.sql adds is_active_user() gates. Asserted by definerActiveUserGuardMigration.test.ts (green). Remote grant application pending controlled deploy.
ROUTE-01,Operação & Suporte,As a user I want to use /login to log in to the internal app,Internal login screen; sets staff session; redirects to /painel.,Verified,-,-,Vitest,src/pages/Login.tsx,See AUTH-01.
ROUTE-02,Portal,As a user I want to use /portal/login to log in to the customer portal,Email/CNPJ/CPF login via portal_resolve_login + isolated Supabase Auth.,Verified,-,-,Vitest,src/pages/PortalLogin.tsx,-
ROUTE-03,Portal,As a user I want to use /portal/esqueci-senha to request a password recovery,"Generic, non-enumerating recovery request.",Verified,-,-,Vitest,src/pages/PortalForgotPassword.tsx,-
ROUTE-04,Portal,As a user I want to use /portal/recuperar-senha to define a new password,Recovery-session password change.,Verified,-,-,Vitest,src/pages/PortalResetPassword.tsx,-
ROUTE-05,Portal,As a user I want to use /portal to see KPIs and vessel schedule,PortalDashboard loads portal_get_session_overview_v2 + vessel_schedules with realtime invalidation.,Verified,-,-,Vitest,src/pages/PortalDashboard.tsx,-
ROUTE-06,Portal,As a user I want to use /portal/billing to list and open local and demurrage charges,PortalBilling uses portal_list_*/portal_get_* RPCs; data scoped to the authenticated customer; create/obsolete consolidation via modal.,Verified,-,-,Vitest + SQL-contract,src/pages/PortalBilling.tsx; src/services/portalBilling.ts,-
ROUTE-07,Portal,As a user I want to use /portal/operacao to consult B/Ls and containers released by the CE gate,portal_list_operation_bls; containers derived client-side; exports only the customer-filtered set.,Verified,-,-,Vitest + SQL-contract,src/pages/PortalOperacao.tsx; portalOperation.test.ts,-
ROUTE-08,Portal,As a user I want to use /portal/perfil to update profile and allowed contacts,portal_update_profile updates only authorized fields and reloads overview.,Verified,-,-,Static,src/pages/PortalProfile.tsx,Runtime not executed.
ROUTE-09,Operação & Suporte,As a user I want to use /painel to see operational KPIs and Line-Up snapshot,"Painel reads bls/containers/voyages + count_distinct_containers; caches [dashboard], [lineup-tv-v3].",Verified,-,-,Vitest,src/pages/Painel.tsx; src/services/lineup.ts,-
ROUTE-10,Viagens,"As a user I want to use /viagens to search, filter, sort, create and select a voyage",Viagens list via useViagemSchedulesAndStats; selection syncs URL; invalidates queryKeys.voyages.*.,Verified,-,-,Vitest,src/pages/Viagens.tsx; src/services/voyages.ts,-
ROUTE-11,Viagens,"As a user I want to use /viagens/:voyageId to edit schedules, CE Master and open linked modules",Master-detail deep-linkable; schedule/timeline/reconciliation services; audit logs + voyage_export_schedules.,Verified,-,-,Vitest,src/pages/Viagens.tsx,ADR 0012.
ROUTE-12,Manifestos & EDI,As a user I want to use /manifestos to import CNTR manifest and apply post-processing,"import_manifest_with_postprocess_transactional creates batch/B/Ls/containers, applies canonical gate, invalidates operational caches. Also CE Mercante import.",Verified,-,-,Vitest,src/pages/Manifestos.tsx; src/services/manifestImport.ts,-
ROUTE-13,Manifestos & EDI,"As a user I want to use /manifestos/:blId to edit B/L detail, client, charges, demurrage and invoice","BlDetalhe tabs: save_bl_review (optimistic lock, gate, audit), local charges, demurrage, invoice; humanized timeline via bl_timeline.",Verified,-,-,Vitest + SQL-contract,src/pages/BlDetalhe.tsx; src/hooks/useBlEditForm.ts,-
ROUTE-14,Manifestos & EDI,As a user I want to use /containers to filter containers and import dates/flags,Containers filters; transactional date/flag importers; dates affect demurrage; mutations invalidate related lists.,Verified,-,-,Vitest,src/pages/Containers.tsx; src/services/containerDatesImport.ts,-
ROUTE-15,Manifestos & EDI,As a user I want to use /carga-solta to preview and import breakbulk,import_breakbulk_manifest_transactional; rejects duplicate/incompatible mode; applies batch gate.,Verified,-,-,Vitest,src/pages/CargaSolta.tsx; src/services/breakbulkImport.ts,-
ROUTE-16,Manifestos & EDI,As a user I want to use /veiculos to import or delete vehicles in a controlled way,import_vehicle_rows_transactional; cancel_invoice when needed; recalculates charges; updates B/L/container/invoice.,Verified,-,-,Vitest,src/pages/Veiculos.tsx; src/services/vehicleImport.ts,-
ROUTE-17,Manifestos & EDI,As a user I want to use /baplie to import Baplie staging and resolve divergences,import_baplie_staging_transactional replaces voyage staging without overwriting commercial fields; reconciliation.,Verified,-,-,Vitest,src/pages/Baplie.tsx,-
ROUTE-18,Manifestos & EDI,As a user I want to use /vazios-importacao to import spreadsheet/Baplie and remove a manifest,import_vazios_importacao_transactional; reimport respects manifest/source; admin-only per-voyage delete.,Verified,-,-,Vitest,src/pages/VaziosImportacao.tsx; src/services/vaziosImportacaoImport.ts,-
ROUTE-19,Manifestos & EDI,As a user I want to use /embarquevazios to import bookings and filter export empties,import_vazios_bookings_transactional; import bounded per file and voyage.,Verified,-,-,Vitest,src/pages/EmbarqueVazios.tsx; src/services/vaziosImport.ts,-
ROUTE-20,Granito,"As a user I want to use /granito to import COSCO, calculate and invoice Granito","graniteImport + graniteCharges + create_invoice_from_granite_bls; own persistence, integrates invoice downstream.",Verified,-,-,Vitest,src/pages/Granite.tsx; src/services/graniteImport.ts,Module-specific behavior tests added in QA loop.
ROUTE-21,Granito,As a user I want to use /granito/taxas to manage Granito rates,GraniteRates CRUD/activation affects future calculations.,Verified,-,-,Static,src/pages/GraniteRates.tsx,Runtime not executed.
ROUTE-22,Operação & Suporte,As a user I want to use /revisao to fix pending items and recompute the canonical gate,Revisao uses save_bl_review (recomputes canonical gate); attempts calculate + auto-invoice only when the canonical list is empty.,Verified,-,-,Vitest + SQL-contract,src/pages/Revisao.tsx; src/services/review.ts,-
ROUTE-23,Clientes,"As a user I want to use /clientes to filter, create, import, export and delete customers",Clientes via useCustomers; customers/contacts + dependency/delete RPCs; updates retroactive links and caches.,Verified,-,-,Vitest,src/pages/Clientes.tsx; src/hooks/useCustomers.ts,-
ROUTE-24,Clientes,"As a user I want to use /clientes/:cnpj to edit record, contacts and Portal account",ClienteFicha; provision-portal-user; activation requires auth_user_id; invalidates record/lists.,Verified,-,-,Vitest,src/pages/ClienteFicha.tsx; src/services/customers.ts,-
ROUTE-25,Taxas Locais,"As a user I want to use /taxas-locais to manage tables, items and overrides",TaxasLocais CRUD on charge tables/items/overrides; invalidates queryKeys.charges.* families.,Verified,-,-,Vitest,src/pages/TaxasLocais.tsx,-
ROUTE-26,Faturamento,As a user I want to use /faturamento to validate B/Ls and issue individual/consolidated invoices; manage lifecycle,"Faturamento + InvoiceDetailModal: invoice/ledger RPCs; payment, cancel, refund, print; keeps balance/states coherent; invalidates financial caches.",Verified,-,-,Vitest + SQL-contract,src/pages/Faturamento.tsx; src/components/.../InvoiceDetailModal.tsx,-
ROUTE-27,Demurrage,As a user I want to use /demurrage to track containers and manage demurrage invoices,"Demurrage services + exchange rates; calc by dates/rates, ROE freeze, PIX/reversal RPCs, own caches.",Verified,-,-,Vitest,src/pages/Demurrage.tsx,-
ROUTE-28,Demurrage,As a user I want to use /demurrage/taxas to manage demurrage rates,DemurrageRates CRUD/activation on demurrage_rates updates future calculation; delete behind confirm dialog.,Verified,-,-,Vitest,src/pages/DemurrageRates.tsx; DemurrageRates.behavior.test.tsx,DEF: behavior test was missing the ConfirmDialog provider mock after the page adopted useConfirm (commit 864f818); fixed in this loop.
ROUTE-29,Conciliação PIX,"As a user I want to use /reconciliacao to import statement, classify and confirm PIX; reverse payments",Reconciliacao: confirm_unified_pix_matches; history + reversal RPCs with justification; propagates payment and invalidates local/demurrage domains.,Verified,-,-,Vitest + SQL-contract,src/pages/Reconciliacao.tsx; src/services/reconciliacao.ts,-
ROUTE-30,Operação & Suporte,"As a user I want to use /alertas to filter, acknowledge and close alerts",Alertas via useOperationalAlerts; updates alerts; invalidates op-count and dashboard.,Verified,-,-,Static,src/pages/Alertas.tsx; src/services/alerts.ts,Runtime not executed.
ROUTE-31,Operação & Suporte,As a user I want to use /relatorios to query and export XLSX reports,Relatorios reads B/Ls/invoices/customers/demurrage; per-tab/filter caches; export generates a local file.,Verified,-,-,Vitest,src/pages/Relatorios.tsx; src/services/reports.ts,-
ROUTE-32,Operação & Suporte,As a user I want to use /line-up-tv to reach legacy Line-Up admin,LineUpTV redirects (replace) to /painel.,Verified,-,-,Static,src/pages/LineUpTV.tsx,-
ROUTE-33,Operação & Suporte,As a user I want to use /line-up-tv/display to show and refresh the protected Line-Up TV,"LineUpTVDisplay via fetchLineUpSnapshot; cache [lineup-tv-display-v2], rotation, fullscreen.",Verified,-,-,Static,src/pages/LineUpTVDisplay.tsx,Runtime blocked.
ROUTE-34,Chegadas/Saídas,"As a user I want to use /chegadas-saidas to manage, import, sort and archive the schedule",ChegadasSaidas via useVesselSchedules; vessel_schedules + ended_vessels; realtime also invalidates the Portal widget.,Verified,-,-,Static,src/pages/ChegadasSaidas.tsx; src/services/vesselSchedules.ts,Runtime not executed.
ROUTE-35,Operação & Suporte,As a user I want to use /admin/usuarios to change role/active and consult audit/metrics,"AdminUsuarios under ProtectedRoute adminOnly; profiles + audit logs; invalidates users, audit, metrics. Dedicated error states for logs/metrics tabs (DEF-061/062).",Verified,-,-,Vitest,src/pages/AdminUsuarios.tsx; AdminUsuarios.behavior.test.tsx,-
ROUTE-36,Manifestos & EDI,As a user I want to use /vazios to be redirected from a compatibility route,Navigate (replace) to /embarquevazios.,Verified,-,-,Static,src/App.tsx,-
ROUTE-37,Demurrage,As a user I want to use /demurrage/invoices to be redirected from a legacy route,Navigate (replace) to /demurrage.,Verified,-,-,Static,src/App.tsx,-
ROUTE-38,Conciliação PIX,As a user I want to use /demurrage/reconciliacao to be redirected from a legacy route,Navigate (replace) to /reconciliacao.,Verified,-,-,Static,src/App.tsx,-
ROUTE-39,Operação & Suporte,As a user I want to use * to be redirected from an unknown route,Navigate (replace) to /painel.,Verified,-,-,Static,src/App.tsx,Depends on config/auth state.
RPC-01,Taxas Locais,As the platform I call supabase.rpc('add_manual_bl_charge'),"Inserts charge_calculations, adjusts bls, audits; blocks already-invoiced B/L. Auth: auth.uid()+is_active_user(); PUBLIC revoked; authenticated.",Tested-Pass,-,-,SQL-contract,chargeOperationsService.ts; guardManualChargesMigration.test.ts,-
RPC-02,Faturamento,As the platform I call supabase.rpc('add_manual_invoice_charge'),"Inserts invoice_items, recalculates invoice, clears/regenerates PIX, audits. Auth: auth.uid()+active+admin; INVOKER.",Tested-Pass,-,-,SQL-contract,billing.ts; guardManualChargesMigration.test.ts,-
RPC-03,Manifestos / CE Mercante,As the platform I call supabase.rpc('apply_ce_mercante_manifest'),"Batch update of bls.ce_mercante with audit (INVOKER, caller RLS). Auth: PUBLIC/anon revoked; authenticated.",Spec’d,-,-,Static,ceMercanteImport.ts,-
RPC-04,Manifestos / CE Mercante,As the platform I call supabase.rpc('apply_ce_mercante_update'),Updates CE of one B/L and audits; returns unchanged when no change. Auth: caller RLS; PUBLIC revoked; authenticated.,Tested-Pass,-,-,Integration (not run),ceMercanteImport.ts; supabase.integration.test.ts,-
RPC-05,Revisão / Clientes,As the platform I call supabase.rpc('approve_customer_reconciliation'),"Approves queue, links/updates B/L and contact, audits. Auth: active+authenticated; DEFINER.",Spec’d,-,-,Static,chargeReconciliationService.ts,-
RPC-06,Chegadas/Saídas,As the platform I call supabase.rpc('archive_vessel_schedule'),Snapshots an ended vessel into ended_vessels and removes the schedule. Auth: active.,Verified,-,-,Vitest,src/services/vesselSchedules.ts,-
RPC-07,Faturamento / Ledger,As the platform I call supabase.rpc('backfill_invoice_receivable_links'),Reconstructs invoice_receivable_links for legacy invoices. Auth: admin (ledger maintenance).,Tested-Pass,-,-,Integration (not run),billingLedger.ts; supabase.integration.test.ts,-
RPC-08,Manifestos / B/L,As the platform I call supabase.rpc('bl_timeline'),Read-only humanized B/L timeline (50/page); Auditoria is the justified subset. Auth: is_active_user(); PUBLIC/anon revoked; authenticated.,Verified,-,-,Vitest + SQL-contract,blTimeline.ts; 20260619190144_bl_timeline_rpc.sql,-
RPC-09,Taxas Locais,As the platform I call supabase.rpc('calculate_bl_local_charges'),"Recreates automatic lines, applies table/override, updates status/hold. Auth: requires auth.uid() but NOT is_active_user().",Verified,-,-,SQL-contract,chargeOperationsService.ts; 20260612144751_*.sql,RESOLVED: is_active_user() gate added in 20260624100100_guard_definer_rpcs_active_user.sql (ADR 0004); SQL readers converted to plpgsql (query preserved via RETURN QUERY). definerActiveUserGuardMigration.test.ts green. Remote grant application pending controlled deploy.
RPC-10,Faturamento / Veículos,As the platform I call supabase.rpc('cancel_invoice'),"Cancels unpaid invoice, updates batch + B/L/Granito financial state, audits. Auth: authenticated+active+admin; DEFINER.",Tested-Pass,-,-,Integration (not run),billing.ts; vehicleImport.ts,-
RPC-11,Conciliação PIX,As the platform I call supabase.rpc('confirm_unified_pix_matches'),Reconciles local (TXID/value) and demurrage in one transaction; any error aborts the batch. Auth: authenticated; delegates to guarded RPCs.,Verified,-,-,Vitest + SQL-contract,reconciliacao.ts,-
RPC-12,Painel,As the platform I call supabase.rpc('count_distinct_containers'),Read-only aggregate for dashboard (INVOKER). Auth: caller RLS; PUBLIC revoked; authenticated.,Verified,-,-,Static,src/pages/Painel.tsx,-
RPC-13,Clientes,As the platform I call supabase.rpc('create_customer_with_contacts'),Atomically creates a customer and its contacts. Auth: active.,Verified,-,-,Vitest,src/services/customers.ts,-
RPC-14,Demurrage,As the platform I call supabase.rpc('create_demurrage_invoice_with_items'),Creates a demurrage invoice with frozen line items in one transaction. Auth: active+admin.,Verified,-,-,Vitest,src/services/demurrage/demurrageInvoices.ts,-
RPC-15,Faturamento,As the platform I call supabase.rpc('create_invoice_from_bls'),Legacy invoice creation from B/Ls (superseded by *_with_ledger). Auth: authenticated+active+admin.,Tested-Pass,-,-,Integration (not run),billing.ts; supabase.integration.test.ts,-
RPC-16,Faturamento / Ledger,As the platform I call supabase.rpc('create_invoice_from_bls_with_ledger'),"Validates caller, runs revoked core + link_invoice_to_ledger; frontend persists PIX fallback. Auth: authenticated+active+admin.",Tested-Pass,-,-,Integration (not run),billing.ts,-
RPC-17,Granito / Faturamento,As the platform I call supabase.rpc('create_invoice_from_granite_bls'),"Creates Granito invoice/items/links, updates granite_bls, avoids duplicate active invoice. Auth: authenticated+active+admin.",Spec’d,-,-,Static,billing.ts,-
RPC-18,Faturamento / Ledger,As the platform I call supabase.rpc('create_local_consolidated_invoice'),"Creates consolidated invoice, links and lifecycle event. Auth: authenticated+active+admin; wrapper -> private core.",Spec’d,-,-,Static,billingLedger.ts,-
RPC-19,Taxas Locais,As the platform I call supabase.rpc('delete_manual_bl_charge'),Deletes only an eligible manual line and audits; blocks invoice-protected B/L. Auth: authenticated+active.,Tested-Pass,-,-,SQL-contract,chargeOperationsService.ts; guardManualChargesMigration.test.ts,-
RPC-20,Faturamento,As the platform I call supabase.rpc('delete_manual_invoice_charge'),"Deletes a manual item from an open invoice, recalculates total, audits. Auth: authenticated+active+admin; INVOKER.",Tested-Pass,-,-,SQL-contract,billing.ts; guardManualChargesMigration.test.ts,-
RPC-21,Alertas / Faturamento,As the platform I call supabase.rpc('detect_overdue_invoices'),Marks overdue local invoices and creates non-duplicate alerts. Auth: anon/PUBLIC revoked; NO internal active/admin check.,Verified,-,-,SQL-contract,alerts.ts; 024_detect_overdue_invoices.sql,RESOLVED: is_active_user() gate added in 20260624100100_guard_definer_rpcs_active_user.sql (ADR 0004); SQL readers converted to plpgsql (query preserved via RETURN QUERY). definerActiveUserGuardMigration.test.ts green. Remote grant application pending controlled deploy.
RPC-22,Clientes / Portal,As the platform I call supabase.rpc('get_customer_portal_account'),Reads Portal account and Auth state for admin/review. Auth: authenticated+active+admin; DEFINER.,Spec’d,-,-,Static,customers.ts,-
RPC-23,Baplie,As the platform I call supabase.rpc('import_baplie_staging_transactional'),Atomically replaces Baplie staging for a voyage. Auth: authenticated+active+admin; anon revoked.,Verified,-,-,Vitest,baplieImport.ts,-
RPC-24,Manifestos & EDI,As the platform I call supabase.rpc('import_breakbulk_manifest_transactional'),Atomic breakbulk import (converted from non-atomic path in QA loop). Auth: active.,Verified,-,-,Vitest + SQL-contract,breakbulkImport.ts; 20260623095500_*.sql,-
RPC-25,Granito,As the platform I call supabase.rpc('import_granite_manifest_transactional'),Atomic Granito manifest import. Auth: active.,Verified,-,-,Vitest,graniteImport.ts,-
RPC-26,Manifestos,As the platform I call supabase.rpc('import_manifest_transactional'),"Atomic CNTR import core (duplicate hash 23505, rate limit P0429). Auth: authenticated; internal identity/RLS.",Tested-Pass,-,-,Integration (not run),manifestImport.ts; supabase.integration.test.ts,-
RPC-27,Manifestos,As the platform I call supabase.rpc('import_manifest_with_postprocess_transactional'),"Imports manifest, POL/POD schedules, contacts, canonical gate and post-processed billing in one transaction. Auth: PUBLIC/anon revoked; authenticated.",Verified,-,-,Vitest,manifestImport.ts,-
RPC-28,Manifestos & EDI,As the platform I call supabase.rpc('import_vazios_bookings_transactional'),Atomic empties-booking import per voyage. Auth: active.,Verified,-,-,Vitest,vaziosImport.ts,-
RPC-29,Manifestos & EDI,As the platform I call supabase.rpc('import_vazios_importacao_transactional'),Atomic import-empties import (converted in QA loop). Auth: active.,Verified,-,-,Vitest + SQL-contract,vaziosImportacaoImport.ts; 20260623111000_*.sql,-
RPC-30,Veículos,As the platform I call supabase.rpc('import_vehicle_rows_transactional'),Atomically inserts vehicles; relationships validated by trigger. Auth: authenticated+active; anon revoked.,Verified,-,-,Vitest,vehicleImport.ts,-
RPC-31,Faturamento / Ledger,As the platform I call supabase.rpc('link_invoice_to_ledger'),Links a created invoice to receivables/ledger. Auth: invoked by ledger wrappers.,Tested-Pass,-,-,Integration (not run),billing.ts; supabase.integration.test.ts,-
RPC-32,Taxas Locais,As the platform I call supabase.rpc('list_bl_local_charge_lines'),Reads charge lines/items per B/L. Auth: PUBLIC revoked; authenticated; NO internal check.,Verified,-,-,SQL-contract,chargeOperationsService.ts; 016_local_charges_stage_a.sql,RESOLVED: is_active_user() gate added in 20260624100100_guard_definer_rpcs_active_user.sql (ADR 0004); SQL readers converted to plpgsql (query preserved via RETURN QUERY). definerActiveUserGuardMigration.test.ts green. Remote grant application pending controlled deploy.
RPC-33,Faturamento / Ledger,As the platform I call supabase.rpc('list_consolidatable_receivables'),Reads balances/eligibility and open links for consolidation. Auth: authenticated+active.,Tested-Pass,-,-,Integration (not run),billingLedger.ts; supabase.integration.test.ts,-
RPC-34,Revisão / Clientes,As the platform I call supabase.rpc('list_customer_reconciliation_queue'),Reads the reconciliation queue. Auth: PUBLIC revoked; authenticated; NO internal check.,Verified,-,-,SQL-contract,chargeReconciliationService.ts; 025_*.sql,RESOLVED: is_active_user() gate added in 20260624100100_guard_definer_rpcs_active_user.sql (ADR 0004); SQL readers converted to plpgsql (query preserved via RETURN QUERY). definerActiveUserGuardMigration.test.ts green. Remote grant application pending controlled deploy.
RPC-35,Faturamento,As the platform I call supabase.rpc('list_invoice_details'),"Reads invoice, B/Ls, items and payments; client backfills consolidated/PIX best-effort. Auth: authenticated+active+admin; INVOKER.",Verified,-,-,Vitest,billing.ts,-
RPC-36,Faturamento / Ledger,As the platform I call supabase.rpc('list_invoice_refunds'),Read-only pending/settled refunds (INVOKER). Auth: admin RLS on invoice_refunds; authenticated.,Tested-Pass,-,-,SQL-contract,billingLedger.ts; settleInvoiceRefundsMigration.test.ts,-
RPC-37,Taxas Locais,As the platform I call supabase.rpc('list_manual_charge_items_for_bl'),Reads eligible manual items and overrides. Auth: PUBLIC revoked; authenticated; NO internal check.,Verified,-,-,SQL-contract,chargeOperationsService.ts; 019_*.sql,RESOLVED: is_active_user() gate added in 20260624100100_guard_definer_rpcs_active_user.sql (ADR 0004); SQL readers converted to plpgsql (query preserved via RETURN QUERY). definerActiveUserGuardMigration.test.ts green. Remote grant application pending controlled deploy.
RPC-38,Taxas Locais,As the platform I call supabase.rpc('mark_bl_charges_reviewed'),Moves calculations/B/L to reviewed and audits. Auth: authenticated+active.,Spec’d,-,-,Static,chargeOperationsService.ts,-
RPC-39,Taxas Locais / Faturamento,As the platform I call supabase.rpc('mark_bl_ready_and_create_invoice'),Marks ready and creates invoice+ledger atomically; any failure rolls back both. Auth: authenticated+active+admin; INVOKER.,Spec’d,-,-,Static,billing.ts,-
RPC-40,Taxas Locais / Faturamento,As the platform I call supabase.rpc('mark_bl_ready_for_billing'),"Revalidates canonical gate/client/lines/BRL/active table; updates calc/B/L, audits, may auto-issue. Auth: authenticated+active; anon revoked.",Tested-Pass,-,-,SQL-contract,chargeOperationsService.ts; guardInvoiceableReadyStateMigration.test.ts,-
RPC-41,Faturamento,As the platform I call supabase.rpc('mark_bls_ready_and_create_invoice'),Batch variant of mark-ready + atomic invoice creation. Auth: authenticated+active+admin.,Verified,-,-,Vitest,billing.ts,-
RPC-42,Portal / Auth,As the platform I call supabase.rpc('portal_get_session_overview_v2'),Reads overview and updates last_login_at; requires auth.uid()+active linked account. Auth: PUBLIC revoked; authenticated.,Verified,-,-,Vitest,usePortalAuth.tsx,-
RPC-43,Portal / Operação,As the platform I call supabase.rpc('portal_list_operation_bls'),"Reads own B/Ls/containers and derives free time/demurrage; CE-gated. Auth: current_portal_customer_id() + CE; grant authenticated,anon.",Verified,-,-,SQL-contract,portalOperation.ts; portalCeMercanteGateMigration.test.ts,RESOLVED: anon EXECUTE revoked in 20260624100000_revoke_anon_portal_read_rpcs.sql (ADR 0013). definerActiveUserGuardMigration.test.ts green. Remote grant application pending controlled deploy.
RPC-44,Conciliação PIX / Ledger,As the platform I call supabase.rpc('reconcile_invoice_payment_by_txid'),Strict TXID match; records payment/settlement; updates invoice/receivables. Auth: authenticated+active+admin.,Tested-Pass,-,-,Integration (not run),billingLedger.ts; supabase.integration.test.ts,-
RPC-45,Faturamento,As the platform I call supabase.rpc('register_invoice_payment'),"Inserts payment, updates invoice/B/L balance/status, audits. Auth: authenticated+active+admin; INVOKER.",Tested-Pass,-,-,Integration (not run),billing.ts; supabase.integration.test.ts,-
RPC-46,Faturamento / Ledger,As the platform I call supabase.rpc('register_ledger_invoice_payment'),"Allocates in ledger, updates receivables/links/invoice/B/Ls, lifecycle + refund for manual overpayment. Auth: authenticated+active+admin.",Tested-Pass,-,-,SQL-contract,billingLedger.ts; ledgerPartialPaymentsMigration.test.ts,-
RPC-47,Revisão / Clientes,As the platform I call supabase.rpc('reject_customer_reconciliation'),"Rejects queue, updates B/L and audits. Auth: authenticated+active.",Spec’d,-,-,Static,chargeReconciliationService.ts,-
RPC-48,Chegadas/Saídas,As the platform I call supabase.rpc('reorder_vessel_schedules'),Persists a new display order for vessel_schedules. Auth: active.,Verified,-,-,Vitest,vesselSchedules.ts,-
RPC-49,Vazios de Importação,As the platform I call supabase.rpc('replace_vazios_from_baplie_transactional'),Atomically replaces import empties from Baplie source. Auth: active.,Verified,-,-,Vitest,vaziosImportacaoImport.ts,-
RPC-50,Conciliação PIX / Demurrage,As the platform I call supabase.rpc('reverse_demurrage_payment'),"Removes demurrage settlement, reverts status, audits mandatory justification. Auth: authenticated+active+admin; justification required.",Tested-Pass,-,-,SQL-contract,reconciliacao.ts; reversalJustificationMigration.test.ts,-
RPC-51,Conciliação PIX / Ledger,As the platform I call supabase.rpc('reverse_invoice_payment'),"Reverses settlement/payment, reopens receivables/links, fixes invoice and bls.financial_status, audits. Auth: authenticated+active+admin; justification required.",Tested-Pass,-,-,SQL-contract,reconciliacao.ts; reversalBlsFinancialStatusMigration.test.ts,-
RPC-52,Faturamento,As the platform I call supabase.rpc('run_billing_for_import_batch'),Runs billing post-processing for an import batch (now decoupled from import fn). Auth: active+admin.,Verified,-,-,Vitest,billing.ts; 20260623130000_*.sql,-
RPC-53,Demurrage,As the platform I call supabase.rpc('save_bl_demurrage_config'),Atomically saves per-B/L demurrage config (converted in QA loop). Auth: active.,Verified,-,-,Vitest + SQL-contract,BlDemurrageSection.tsx; 20260623112000_*.sql,-
RPC-54,B/L / Revisão / Demurrage,As the platform I call supabase.rpc('save_bl_review'),"Optimistic lock PT409, updates fields, recomputes gate/notes, audits real state, syncs queue. Auth: authenticated+active; p_changed_by=auth.uid().",Tested-Pass,-,-,SQL-contract + Integration (not run),review.ts; reviewGateHardeningMigration.test.ts,-
RPC-55,Granito / Revisão,As the platform I call supabase.rpc('save_granite_bl_review'),Atomic Granito B/L review (converted in QA loop). Auth: active.,Verified,-,-,Vitest + SQL-contract,review.ts; 20260623120000_*.sql,-
RPC-56,Clientes / Portal,As the platform I call supabase.rpc('set_customer_portal_account_active'),Toggles Portal account; blocks false active without auth_user_id/email. Auth: authenticated+active+admin.,Spec’d,-,-,Static,customers.ts,-
RPC-57,Viagens / Manifestos,As the platform I call supabase.rpc('set_import_batch_ce_master'),Atomically sets CE Master on an import batch (converted in QA loop). Auth: active.,Verified,-,-,Vitest + SQL-contract,voyages.ts; 20260623110000_*.sql,-
RPC-58,Faturamento / Ledger,As the platform I call supabase.rpc('settle_invoice_refund'),Moves refund pending -> settled and audits. Auth: authenticated+active+admin.,Tested-Pass,-,-,SQL-contract,billingLedger.ts; settleInvoiceRefundsMigration.test.ts,-
RPC-59,Faturamento / Ledger,As the platform I call supabase.rpc('sync_local_charge_receivable'),Synchronizes a B/L receivable from local charges. Auth: invoked by ledger flows.,Tested-Pass,-,-,Integration (not run),billing.ts; supabase.integration.test.ts,-
RPC-60,Clientes,As the platform I call supabase.rpc('update_customer_with_audit'),Updates a customer with audited change set. Auth: active.,Verified,-,-,Vitest,customers.ts,-
RPC-61,Taxas Locais,As the platform I call supabase.rpc('update_manual_bl_charge'),"Updates only an eligible manual line, recalculates, audits; blocks invoiced B/L. Auth: authenticated+active.",Tested-Pass,-,-,SQL-contract,chargeOperationsService.ts; guardManualChargesMigration.test.ts,-
RPC-62,Clientes / Portal,As the platform I call supabase.rpc('upsert_customer_portal_account'),Creates/updates an initially-inactive account; provisioning continues in the Edge Function. Auth: authenticated+active+admin.,Spec’d,-,-,Static,customers.ts,-
RPC-63,Portal / Faturamento,As the platform I call supabase.rpc('portal_list_invoices'),Read-only own invoices + ledger balance; CE-gated. Auth: current_portal_customer_id().,Verified,-,-,SQL-contract,portalBilling.ts; portalInvoiceHistoryLinksMigration.test.ts,RESOLVED: anon EXECUTE revoked in 20260624100000_revoke_anon_portal_read_rpcs.sql (ADR 0013). definerActiveUserGuardMigration.test.ts green. Remote grant application pending controlled deploy.
RPC-64,Portal / Faturamento,As the platform I call supabase.rpc('portal_invoice_details'),"Reads invoice, links, breakdown, containers, payments for an own invoice. Auth: current_portal_customer_id().",Verified,-,-,SQL-contract,portalBilling.ts; portalInvoiceConsolidatedBreakdownMigration.test.ts,RESOLVED: anon EXECUTE revoked in 20260624100000_revoke_anon_portal_read_rpcs.sql (ADR 0013). definerActiveUserGuardMigration.test.ts green. Remote grant application pending controlled deploy.
RPC-65,Portal / Faturamento,As the platform I call supabase.rpc('portal_list_consolidatable_receivables'),Read-only own eligible receivables; CE-gated. Auth: current_portal_customer_id().,Verified,-,-,SQL-contract,portalBilling.ts; portalCeMercanteGateMigration.test.ts,RESOLVED: anon EXECUTE revoked in 20260624100000_revoke_anon_portal_read_rpcs.sql (ADR 0013). definerActiveUserGuardMigration.test.ts green. Remote grant application pending controlled deploy.
RPC-66,Portal / Demurrage,As the platform I call supabase.rpc('portal_list_demurrage_invoices'),Read-only own demurrage invoices; status + CE gated. Auth: current_portal_customer_id().,Verified,-,-,SQL-contract,portalBilling.ts; portalCeMercanteGateMigration.test.ts,RESOLVED: anon EXECUTE revoked in 20260624100000_revoke_anon_portal_read_rpcs.sql (ADR 0013). definerActiveUserGuardMigration.test.ts green. Remote grant application pending controlled deploy.
RPC-67,Portal / Demurrage,As the platform I call supabase.rpc('portal_get_demurrage_invoice_detail'),Read-only own demurrage invoice/items; CE-gated. Auth: current_portal_customer_id().,Verified,-,-,SQL-contract,portalBilling.ts; portalCeMercanteGateMigration.test.ts,RESOLVED: anon EXECUTE revoked in 20260624100000_revoke_anon_portal_read_rpcs.sql (ADR 0013). definerActiveUserGuardMigration.test.ts green. Remote grant application pending controlled deploy.
RPC-68,Portal / Faturamento,As the platform I call supabase.rpc('portal_create_consolidation'),Creates a consolidation via core; ownership/CE/rate-limit 3/10min; inserts alert + notification. Auth: current_portal_customer_id().,Tested-Pass,-,-,SQL-contract,portalBilling.ts; portalCreateConsolidationJsonbMigration.test.ts,-
RPC-69,Portal / Faturamento,As the platform I call supabase.rpc('portal_obsolete_consolidation'),Obsoletes own consolidation + links; rate-limit 3/15min; alert + notification. Auth: current_portal_customer_id().,Spec’d,-,-,Static,portalBilling.ts,-
RPC-70,Portal / Demurrage,As the platform I call supabase.rpc('portal_open_demurrage_dispute'),Opens a dispute on an own invoice; rate-limit 3/30min; notification + internal alert. Auth: current_portal_customer_id().,Spec’d,-,-,Static,portalBilling.ts,-
RPC-71,Portal / Perfil,As the platform I call supabase.rpc('portal_get_profile'),"Reads account, customer record and billing contact. Auth: current_portal_customer_id().",Spec’d,-,-,Static,portalBilling.ts,-
RPC-72,Portal / Perfil,As the platform I call supabase.rpc('portal_update_profile'),"Updates account email, customer address and contact phone. Auth: current_portal_customer_id().",Spec’d,-,-,Static,portalBilling.ts,-
RPC-73,Portal / Notificações,As the platform I call supabase.rpc('portal_list_notifications'),Read-only notifications; cached + polled. Auth: current_portal_customer_id().,Spec’d,-,-,Static,portalBilling.ts,-
RPC-74,Portal / Notificações,As the platform I call supabase.rpc('portal_mark_all_notifications_read'),Marks all own notifications read; invalidates list/counter. Auth: current_portal_customer_id().,Spec’d,-,-,Static,portalBilling.ts,-
RPC-75,Portal / Notificações,As the platform I call supabase.rpc('portal_mark_notification_read'),Marks one own notification read. Auth: current_portal_customer_id().,Spec’d,-,-,Static,portalBilling.ts,-
RPC-76,Portal / Notificações,As the platform I call supabase.rpc('portal_notification_unread_count'),Unread count; 30s polling. Auth: current_portal_customer_id().,Spec’d,-,-,Static,portalBilling.ts,-
RPC-77,Portal / Auth,As the platform I call supabase.rpc('portal_resolve_login'),Logs attempt by hash and resolves document to technical email; no session created (ADR 0013 anon exception). Auth: current_portal_customer_id().,Tested-Pass,-,-,SQL-contract,portalBilling.ts; portalResolveLoginHardeningMigration.test.ts,-
EDGE-01,Clientes / Portal,As an admin I call functions.invoke('provision-portal-user'),"verify_jwt=true; validates JWT (auth.getUser), active internal profile, role admin/administrativo; CORS allowlist; persistent rate limit 20/h per user; service role uses Auth Admin createUser/updateUserById and links auth_user_id/email. Failures: 401/403/429/400/404/409/500.",Verified,-,-,Vitest,supabase/functions/provision-portal-user/index.ts; supabase/config.toml; customers.test.ts,customers.test.ts mocks invoke order/failure; Edge runtime not executed here.
EDGE-02,Faturamento / Portal,As the DB webhook I invoke notify-invoice-issued on invoices.status -> issued,Bearer must equal SUPABASE_SERVICE_ROLE_KEY (timing-safe); accepts absent Origin or Origin == SUPABASE_URL; service role re-reads invoice/customer/contacts (no DB writes); sends email via Resend. No recipient/key -> skipped/sent:false; auth fail 401; Resend/parse fail 500.,Spec’d,-,-,Static,supabase/functions/notify-invoice-issued/index.ts,Suspeita: webhook/secret/deploy not versioned; no dedicated config.toml block to confirm verify_jwt; no own rate limit. Needs controlled-runtime confirmation.
RLS-01,Alertas / Painel,As the platform I enforce RLS on alerts (SELECT/INSERT/UPDATE),010: active reads/inserts/updates; admin deletes.,Verified,-,-,SQL (migration) + Static,docs/RASTREABILIDADE.md (tabelas); alerts,-
RLS-02,Auditoria,As the platform I enforce RLS on audit_logs (SELECT/INSERT),014: active reads; insert requires active + changed_by=auth.uid(); update/delete admin.,Verified,-,-,SQL (migration) + Static,docs/RASTREABILIDADE.md (tabelas); audit_logs,-
RLS-03,Baplie,As the platform I enforce RLS on baplie_containers (SELECT),20260609134000: active r/i/u; admin deletes.,Tested-Pass,-,-,SQL (migration) + Static,docs/RASTREABILIDADE.md (tabelas); baplie_containers,rlsHardeningMigration.test.ts
RLS-04,Baplie / Reconciliação,As the platform I enforce RLS on baplie_reconciliation_resolutions (SELECT/UPSERT),20260609134000: active r/i/u; admin deletes.,Tested-Pass,-,-,SQL (migration) + Static,docs/RASTREABILIDADE.md (tabelas); baplie_reconciliation_resolutions,rlsHardeningMigration.test.ts
RLS-05,Faturamento,As the platform I enforce RLS on billing_batches (SELECT),041: active reads; admin i/u/d.,Spec’d,-,-,SQL (migration) + Static,docs/RASTREABILIDADE.md (tabelas); billing_batches,-
RLS-06,Manifestos BB,As the platform I enforce RLS on bl_breakbulk_items (INSERT/DELETE),010 final: active r/i/u; admin deletes; trigger validates carga_solta parent.,Verified,-,-,SQL (migration) + Static,docs/RASTREABILIDADE.md (tabelas); bl_breakbulk_items,-
RLS-07,Containers / Demurrage,As the platform I enforce RLS on bl_containers (SELECT/UPDATE/DELETE),010 final: active r/i/u; admin deletes; trigger sets discharge; service blocks delete with dependencies.,Verified,-,-,SQL (migration) + Static,docs/RASTREABILIDADE.md (tabelas); bl_containers,-
RLS-08,Ledger,As the platform I enforce RLS on bl_receivables (SELECT),20260529100000: all operations admin only.,Spec’d,-,-,SQL (migration) + Static,docs/RASTREABILIDADE.md (tabelas); bl_receivables,-
RLS-09,B/L (transversal),As the platform I enforce RLS on bls (SELECT/UPDATE/UPSERT/DELETE),"010 final: active r/i/u; admin deletes; review gate, promotion, auto-issue, billing/container guards.",Verified,-,-,SQL (migration) + Static,docs/RASTREABILIDADE.md (tabelas); bls,-
RLS-10,Viagens,As the platform I enforce RLS on carriers (SELECT/INSERT),010 final: active r/i/u; admin deletes.,Spec’d,-,-,SQL (migration) + Static,docs/RASTREABILIDADE.md (tabelas); carriers,-
RLS-11,Taxas Locais,As the platform I enforce RLS on charge_calculations (SELECT),014: SELECT admin; INSERT/UPDATE active; DELETE admin.,Verified,-,-,SQL (migration) + Static,docs/RASTREABILIDADE.md (tabelas); charge_calculations,-
RLS-12,Taxas Locais,As the platform I enforce RLS on charge_table_items (CRUD),010+014: all operations admin.,Verified,-,-,SQL (migration) + Static,docs/RASTREABILIDADE.md (tabelas); charge_table_items,-
RLS-13,Taxas Locais,As the platform I enforce RLS on charge_tables (SELECT/INSERT/UPDATE),010+014: all operations admin; validity gates ready_for_billing.,Verified,-,-,SQL (migration) + Static,docs/RASTREABILIDADE.md (tabelas); charge_tables,-
RLS-14,Clientes,As the platform I enforce RLS on customer_contacts (CRUD),010 final: active r/i/u; admin deletes; email in gate; Edge reads via service role.,Verified,-,-,SQL (migration) + Static,docs/RASTREABILIDADE.md (tabelas); customer_contacts,-
RLS-15,Taxas Locais / Clientes,As the platform I enforce RLS on customer_rate_overrides (CRUD),010+014: all operations admin.,Verified,-,-,SQL (migration) + Static,docs/RASTREABILIDADE.md (tabelas); customer_rate_overrides,-
RLS-16,Clientes,As the platform I enforce RLS on customers (CRUD/UPSERT),010 final: active r/i/u; admin deletes; Portal profile writes via RPC.,Verified,-,-,SQL (migration) + Static,docs/RASTREABILIDADE.md (tabelas); customers,-
RLS-17,Demurrage,As the platform I enforce RLS on demurrage_invoice_items (SELECT/INSERT),050 final: active r/i/u; admin deletes; frozen lines; cascade on invoice delete.,Verified,-,-,SQL (migration) + Static,docs/RASTREABILIDADE.md (tabelas); demurrage_invoice_items,-
RLS-18,Demurrage,As the platform I enforce RLS on demurrage_invoices (SELECT/INSERT/UPDATE),"050 final: active r/i/u; admin deletes; notifications, dispute, overdue cron.",Verified,-,-,SQL (migration) + Static,docs/RASTREABILIDADE.md (tabelas); demurrage_invoices,-
RLS-19,Demurrage,As the platform I enforce RLS on demurrage_rates (CRUD/UPSERT),SELECT active; INSERT/UPDATE/DELETE active+admin.,Verified,-,-,SQL (migration) + Static,docs/RASTREABILIDADE.md (tabelas); demurrage_rates,-
RLS-20,Chegadas/Saídas,As the platform I enforce RLS on ended_vessels (SELECT/INSERT),SELECT any authenticated; INSERT active; DELETE admin; no UPDATE policy.,Spec’d,-,-,SQL (migration) + Static,docs/RASTREABILIDADE.md (tabelas); ended_vessels,Suspeita: read does not require active internal profile — intentionally Portal-compatible.
RLS-21,Granito,As the platform I enforce RLS on granite_bl_charges (SELECT/INSERT/DELETE),042 final: active r/i/u; admin deletes.,Verified,-,-,SQL (migration) + Static,docs/RASTREABILIDADE.md (tabelas); granite_bl_charges,-
RLS-22,Granito,As the platform I enforce RLS on granite_bls (SELECT/UPDATE/UPSERT),042 final: active r/i/u; admin deletes; status feeds invoice/link guard.,Verified,-,-,SQL (migration) + Static,docs/RASTREABILIDADE.md (tabelas); granite_bls,-
RLS-23,Granito,As the platform I enforce RLS on granite_manifests (SELECT/INSERT),042 final: active r/i/u; admin deletes.,Verified,-,-,SQL (migration) + Static,docs/RASTREABILIDADE.md (tabelas); granite_manifests,-
RLS-24,Granito,As the platform I enforce RLS on granite_rates (SELECT/UPSERT/DELETE),042 final: active r/i/u; admin deletes.,Verified,-,-,SQL (migration) + Static,docs/RASTREABILIDADE.md (tabelas); granite_rates,-
RLS-25,Importações,As the platform I enforce RLS on import_batches (SELECT/INSERT/UPDATE),010 final: active r/i/u; admin deletes; links errors/B/Ls and billing run.,Verified,-,-,SQL (migration) + Static,docs/RASTREABILIDADE.md (tabelas); import_batches,-
RLS-26,Importações,As the platform I enforce RLS on import_errors (INSERT),010 final: active r/i/u; admin deletes.,Verified,-,-,SQL (migration) + Static,docs/RASTREABILIDADE.md (tabelas); import_errors,-
RLS-27,Faturamento,As the platform I enforce RLS on invoice_bls (SELECT),020: all operations admin; trigger blocks duplicate active link.,Verified,-,-,SQL (migration) + Static,docs/RASTREABILIDADE.md (tabelas); invoice_bls,-
RLS-28,Ledger,As the platform I enforce RLS on invoice_receivable_links (SELECT),20260529100000: all operations admin; triggers obsolete/re-chain consolidated.,Tested-Pass,-,-,SQL (migration) + Static,docs/RASTREABILIDADE.md (tabelas); invoice_receivable_links,-
RLS-29,Faturamento,As the platform I enforce RLS on invoices (SELECT/UPDATE),"010+014: all operations admin; number, overdue guard, PIX, lifecycle, notifications, email webhook.",Verified,-,-,SQL (migration) + Static,docs/RASTREABILIDADE.md (tabelas); invoices,-
RLS-30,Faturamento / Conciliação,As the platform I enforce RLS on payments (SELECT),010+014: all operations admin.,Verified,-,-,SQL (migration) + Static,docs/RASTREABILIDADE.md (tabelas); payments,-
RLS-31,Administração / Auth,As the platform I enforce RLS on user_profiles (SELECT/UPDATE),self/admin SELECT; own update only if active; admin any; INSERT/DELETE admin; trigger blocks self-elevation.,Verified,-,-,SQL (migration) + Static,docs/RASTREABILIDADE.md (tabelas); user_profiles,Sustains is_active_user()/is_admin().
RLS-32,Embarque de Vazios,As the platform I enforce RLS on vazios_bookings (SELECT/UPSERT),042 final: active r/i/u; admin deletes.,Verified,-,-,SQL (migration) + Static,docs/RASTREABILIDADE.md (tabelas); vazios_bookings,-
RLS-33,Vazios de Importação,As the platform I enforce RLS on vazios_importacao_containers (SELECT/UPSERT),042 + 20260610163251: active r/i/u; admin deletes.,Verified,-,-,SQL (migration) + Static,docs/RASTREABILIDADE.md (tabelas); vazios_importacao_containers,-
RLS-34,Vazios de Importação,As the platform I enforce RLS on vazios_importacao_manifests (SELECT/INSERT),042 + 20260610163251: active r/i/u; admin deletes.,Verified,-,-,SQL (migration) + Static,docs/RASTREABILIDADE.md (tabelas); vazios_importacao_manifests,-
RLS-35,Embarque de Vazios,As the platform I enforce RLS on vazios_manifests (SELECT/INSERT),042 final: active r/i/u; admin deletes.,Verified,-,-,SQL (migration) + Static,docs/RASTREABILIDADE.md (tabelas); vazios_manifests,-
RLS-36,Veículos,As the platform I enforce RLS on vehicles (SELECT/DELETE),010 final: active r/i/u; admin deletes; trigger validates voyage/B/L/container.,Verified,-,-,SQL (migration) + Static,docs/RASTREABILIDADE.md (tabelas); vehicles,-
RLS-37,Chegadas/Saídas,As the platform I enforce RLS on vessel_schedules (CRUD),SELECT any authenticated; INSERT/UPDATE active; DELETE admin; realtime for Portal widget.,Verified,-,-,SQL (migration) + Static,docs/RASTREABILIDADE.md (tabelas); vessel_schedules,-
RLS-38,Viagens,As the platform I enforce RLS on vessels (SELECT/INSERT),010 final: active r/i/u; admin deletes.,Spec’d,-,-,SQL (migration) + Static,docs/RASTREABILIDADE.md (tabelas); vessels,-
RLS-39,Viagens / Line Up,As the platform I enforce RLS on voyage_export_schedules (SELECT/UPSERT/DELETE),20260609134000: active r/i/u; admin deletes.,Tested-Pass,-,-,SQL (migration) + Static,docs/RASTREABILIDADE.md (tabelas); voyage_export_schedules,rlsHardeningMigration.test.ts
RLS-40,Viagens,As the platform I enforce RLS on voyages (CRUD),010 final: active r/i/u; admin deletes; POD/POL snapshots by trigger; delete dependency guard.,Verified,-,-,SQL (migration) + Static,docs/RASTREABILIDADE.md (tabelas); voyages,-
TRG-01,Faturamento,As the platform I enforce the assign_invoice_number trigger/job,BEFORE INSERT invoices: increments annual counter and fills invoice number.,Verified,-,-,SQL (migration),supabase/migrations/003_functions.sql,Indirect effect; runtime not inspected for cron jobs.
TRG-02,Veículos,As the platform I enforce the validate_vehicle_relationships trigger/job,BEFORE I/U vehicles: normalizes and rejects incoherent voyage/B/L/container.,Verified,-,-,SQL (migration),supabase/migrations/004_vehicles.sql,Indirect effect; runtime not inspected for cron jobs.
TRG-03,Manifestos BB,As the platform I enforce the validate_bl_breakbulk_item_parent trigger/job,BEFORE I/U bl_breakbulk_items: rejects item whose B/L is not carga_solta.,Verified,-,-,SQL (migration),supabase/migrations/006_breakbulk_module.sql,Indirect effect; runtime not inspected for cron jobs.
TRG-04,Demurrage,As the platform I enforce the set_container_discharge_date trigger/job,BEFORE INSERT bl_containers without discharge: copies voyages.ata.,Verified,-,-,SQL (migration),supabase/migrations/028_demurrage_module.sql,Indirect effect; runtime not inspected for cron jobs.
TRG-05,Faturamento / Demurrage,As the platform I enforce the mark_overdue_invoices trigger/job,pg_cron daily 06:00 UTC: marks overdue local + demurrage invoices.,Verified,-,-,SQL (migration),supabase/migrations/031_overdue_enforcement.sql,Indirect effect; runtime not inspected for cron jobs.
TRG-06,Faturamento,As the platform I enforce the fn_block_invoice_overdue_customer trigger/job,BEFORE INSERT invoices: blocks new invoice when customer has overdue local invoice.,Verified,-,-,SQL (migration),supabase/migrations/031_overdue_enforcement.sql,Indirect effect; runtime not inspected for cron jobs.
TRG-07,Viagens / Line Up,As the platform I enforce the trg_voyage_schedule_snapshot trigger/job,"AFTER INSERT audit_logs (POD/POL): updates voyages JSONB snapshot, preserving JSON null.",Verified,-,-,SQL (migration),supabase/migrations/052_fix_voyage_snapshot_null_new_value.sql,Indirect effect; runtime not inspected for cron jobs.
TRG-08,Faturamento,As the platform I enforce the prevent_duplicate_active_invoice_bl_link trigger/job,BEFORE I/U invoice_bls: rejects 2nd active/paid link for same B/L (23505/PT409).,Verified,-,-,SQL (migration),supabase/migrations/20260528134131_*.sql,Indirect effect; runtime not inspected for cron jobs.
TRG-09,Taxas / Revisão,As the platform I enforce the guard_container_bl_without_containers trigger/job,AFTER I/U bls: synthetic pending + prevents empty container B/L staying calculated/ready.,Verified,-,-,SQL (migration),supabase/migrations/20260528134131_*.sql,Indirect effect; runtime not inspected for cron jobs.
TRG-10,Ledger / Faturamento,As the platform I enforce the emit_invoice_on_bl_ready trigger/job,AFTER I/U charge_status bls: syncs receivable + best-effort individual invoice; failure -> audit auto_invoice_failed.,Verified,-,-,SQL (migration),supabase/migrations/20260529140000_*.sql,Indirect effect; runtime not inspected for cron jobs.
TRG-11,Faturamento / PIX,As the platform I enforce the populate_local_invoice_pix_payload trigger/job,BEFORE I/U invoices: generates PIX payload for local invoice.,Verified,-,-,SQL (migration),supabase/migrations/20260529144000_*.sql,Indirect effect; runtime not inspected for cron jobs.
TRG-12,Administração / Auth,As the platform I enforce the prevent_user_profile_privilege_escalation trigger/job,BEFORE UPDATE user_profiles: blocks self role/active change; service role allowed.,Verified,-,-,SQL (migration),supabase/migrations/20260530102906_*.sql,Indirect effect; runtime not inspected for cron jobs.
TRG-13,Portal / Notificações,As the platform I enforce the notify_invoice_issued trigger/job,AFTER I/U status invoices: in-app notification when invoice becomes issued.,Verified,-,-,SQL (migration),supabase/migrations/20260615000003_*.sql,Indirect effect; runtime not inspected for cron jobs.
TRG-14,Revisão / Billing gate,As the platform I enforce the promote_calculated_bl_ready_for_billing trigger/job,BEFORE I/U bls: only promotes when canonical gate/client/BRL/currencies allow; execute revoked.,Verified,-,-,SQL (migration),supabase/migrations/20260619130000_*.sql,Indirect effect; runtime not inspected for cron jobs.
TRG-15,Revisão / Billing gate,As the platform I enforce the prevent_pending_review_invoice trigger/job,BEFORE I/U financial_status bls: blocks invoiced while review/canonical pendencies open.,Verified,-,-,SQL (migration),supabase/migrations/20260619130000_*.sql,Indirect effect; runtime not inspected for cron jobs.
