Feature ID,Feature Name,User Story,Expected Behaviour,Edge Cases,Test Cases,Current Status,Defect Count,Severity,Notes,Last Tested Date
F-001,Login interno,"Como operador interno, quero autenticar com email e senha para acessar o sistema.","Estabelece sessao interna via Supabase Auth + user_profiles e redireciona para /painel; usuario inativo nao acessa.","Credenciais invalidas; usuario inativo; sessao expirada; config ausente.","supabaseAuth.test.ts; useAuth (ProtectedRoute); browser smoke (iteracao 3)","PASS",0,-,"Runtime de browser validado (render, guard, acessibilidade, mobile).",2026-06-25
F-002,Login do Portal (CNPJ/CPF/email),"Como cliente, quero entrar com CNPJ, CPF ou email para ver minhas cobrancas.","portal_resolve_login resolve identificador para email tecnico; Auth isolado; hidrata overview; libera PortalProtectedRoute.","Documento inexistente; multiplas tentativas (rate limit por hash); erro generico sem enumerar conta.","portalResolveLoginHardeningMigration.test.ts; supabaseAuth.test.ts","PASS",0,-,"Contrato SQL coberto; runtime Auth isolado.",2026-06-25
F-003,Recuperacao de senha do Portal,"Como cliente, quero solicitar recuperacao de senha sem revelar se a conta existe.","Envia recovery quando elegivel; resposta permanece generica.","Conta inexistente; email tecnico divergente do contato.","PortalRecovery.behavior.test.tsx","PASS",0,-,"Resposta nao enumera conta.",2026-06-25
F-004,Reset de senha do Portal,"Como cliente, quero estabelecer sessao de recovery e trocar minha senha.","Atualiza credencial da sessao do Portal via tokens de recovery.","Token expirado; senha fraca; sessao concorrente.","PortalRecovery.behavior.test.tsx","PASS",0,-,"",2026-06-25
F-005,Dashboard do Portal,"Como cliente, quero ver KPIs e programacao de navios ao entrar.","portal_get_session_overview_v2 + vessel_schedules; cache do Portal e invalidacao realtime.","Conta sem cobrancas; programacao vazia; realtime desconectado.","PortalDashboard.test.tsx","PASS",0,-,"",2026-06-25
F-006,Faturas do Portal (listar/abrir),"Como cliente, quero listar e abrir cobrancas locais e de demurrage.","RPCs portal_list_*/portal_get_* resolvem dados pelo cliente autenticado, com gate de CE.","Sem CE Mercante (oculta dados); invoice obsoleta; demurrage em disputa.","PortalBilling.test.tsx; portalCeMercanteGateMigration.test.ts; portalInvoiceHistoryLinksMigration.test.ts","PASS",0,-,"Gate de CE Mercante validado.",2026-06-25
F-007,Consolidacao no Portal,"Como cliente, quero criar ou tornar obsoleta uma consolidacao de recebiveis.","portal_create_consolidation/portal_obsolete_consolidation com posse, CE e rate limit; invalida listas e overview.","Rate limit 3/10min e 3/15min; consolidada com pagamento; B/L sem CE.","portalCreateConsolidationJsonbMigration.test.ts; portalBillingMutations.test.ts","PASS",0,-,"",2026-06-25
F-008,Operacao do Portal,"Como cliente, quero consultar B/Ls e containers liberados pelo gate de CE.","portal_list_operation_bls; containers derivados no cliente; deriva free time e dias de demurrage; exporta conjunto filtrado.","Container sem descarga; sem CE; export vazio.","portalOperation.test.ts; portalOperationMigration.test.ts","PASS",0,-,"demurrage_days no Portal respeita free_time_override (GREATEST).",2026-06-25
F-009,Perfil do Portal,"Como cliente, quero atualizar perfil e contatos permitidos.","portal_update_profile atualiza somente campos autorizados e recarrega overview.","Campos nao autorizados ignorados; email tecnico vs contato.","PortalProfile.test.tsx","PASS",0,-,"Runtime nao executado.",2026-06-25
F-010,Line-Up TV (display),"Como operacao, quero exibir e rotacionar o Line-Up em tela cheia.","fetchLineUpSnapshot agrega tabelas operacionais; cache lineup-tv-display-v2; rotacao e fullscreen.","Sem dados; rotacao com uma unica pagina; fullscreen negado; ETAs nulas (ordenacao por desempate).","LineUpTV.behavior.test.tsx; voyageTimeline.behavior.test.ts; lineupSort.test.ts","PASS",1,Low,"DEF-002 corrigido (2026-06-25): ordenacao nao vaza NaN com ETAs nulas. Runtime bloqueado.",2026-06-25
F-011,Painel (KPIs e Line-Up),"Como operador, quero ver KPIs e snapshot do Line-Up no painel inicial.","Queries da pagina + lineup.ts; count_distinct_containers; caches dashboard e lineup-tv-v3.","Banco vazio; contagem zero; carga parcial; ETAs nulas na ordenacao.","Painel.behavior.test.tsx; lineupSort.test.ts; containerCounts.test.ts","PASS",1,Low,"DEF-002 corrigido (2026-06-25). Contagem de containers distintos coberta.",2026-06-25
F-012,Viagens (lista/criar/selecionar),"Como operador, quero buscar, filtrar, ordenar, criar e selecionar viagens.","useViagemSchedulesAndStats; invalida queryKeys.voyages.*; selecao sincroniza URL.","Numero de viagem duplicado; filtros sem resultado; ordenacao estavel.","Viagens.behavior.test.tsx; viagensHelpers.test.ts; voyageForm.test.ts; voyageMutations.test.ts; browser write (iteracao 6)","PASS",0,-,"Criar viagem validado em runtime de browser (persistiu no banco).",2026-06-25
F-013,Viagem detalhe (agendas/CE Master),"Como operador, quero editar agendas, CE Master e abrir modulos vinculados.","Servicos de schedule/timeline/reconciliation; audit logs + voyage_export_schedules; atualiza cards/timeline/reconciliacao.","Snapshot null sem violar NOT NULL; multiplos terminais; CE Master vs CE de B/L.","Viagens.behavior.test.tsx; voyageMutations.test.ts; voyageTimeline.behavior.test.ts","PASS",0,-,"",2026-06-25
F-014,Importar manifesto CNTR,"Como operador, quero importar manifesto e aplicar pos-processamento.","import_manifest_with_postprocess_transactional cria lote/B/Ls/containers, aplica gate e invalida caches.","Hash duplicado (23505); rate limit (P0429); arquivo malformado; CE Master.","manifestParser.test.ts; manifestImport.test.ts; manifestFixtures.real.test.ts; manifestCeMasterAtomic.test.ts","PASS",0,-,"",2026-06-25
F-015,Importar CE Mercante,"Como operador, quero importar CE Mercante por linha ou por manifesto.","apply_ce_mercante_update/apply_ce_mercante_manifest auditam e invalidam B/Ls/detalhe.","CE inalterado retorna unchanged; lote parcial; formato EDI invalido.","ceMercanteEdiParser.test.ts; ceMercanteImport.test.ts","PASS",0,-,"",2026-06-25
F-016,Containers (filtros e import datas/flags),"Como operador, quero filtrar containers e importar datas e flags.","containerDatesImport/containerFlagsImport via RPCs transacionais; datas afetam demurrage.","Data de devolucao anterior a descarga; flags OOG/IMO; delete bloqueado por dependencia.","containerDatesImport.test.ts; containers.delete.test.ts; containerDateAuditMigration.test.ts","PASS",0,-,"",2026-06-25
F-017,Carga solta (breakbulk),"Como operador, quero pre-visualizar e importar breakbulk.","breakbulkImport via RPC transacional; rejeita duplicidade/modo incompativel; aplica gate do lote.","Item sem B/L carga_solta (trigger); peso/volume invalidos; reimport.","breakbulkImport.test.ts; breakbulkFixtures.real.test.ts; breakbulkImportAtomicMigration.test.ts; cargaSoltaRoute.test.ts","PASS",0,-,"",2026-06-25
F-018,Veiculos (import/excluir),"Como operador, quero importar ou excluir veiculos de forma controlada.","RPCs transacionais + cancel_invoice quando necessario; recalcula cobrancas.","Viagem/B/L/container incoerente (trigger); exclusao com invoice; isencao.","vehicleImport.test.ts; vehicles.delete.test.ts","PASS",0,-,"",2026-06-25
F-019,B/L detalhe e revisao,"Como operador, quero editar detalhes e revisao do B/L.","save_bl_review com lock otimista (PT409), auditoria, gate e invalidation.","Timestamp stale (PT409); concorrencia; gate canonico recomputado.","blDetalheHelpers.test.ts; blTabs.test.tsx; review.test.ts; reviewGateCanonicalMigration.test.ts","PASS",0,-,"",2026-06-25
F-020,B/L cliente/taxas/demurrage/fatura,"Como operador, quero gerir cliente, taxas, demurrage e fatura do B/L.","useLocalCharges + BlDemurrageSection consolidam efeitos financeiros e timeline.","B/L ja faturado bloqueia mutacao; container fora bloqueia demurrage; override de free time.","localCharges.test.ts; blDemurrageConfigAtomic.test.ts; guardManualChargesMigration.test.ts","PASS",0,-,"",2026-06-25
F-021,Historico do B/L,"Como operador, quero paginar o historico humanizado do B/L.","bl_timeline pagina 50 eventos; Auditoria e o subconjunto justificado.","Sem eventos; paginacao limite; eventos globais excluidos.","blDetalheHelpers.test.ts; blTabs.test.tsx","PASS",0,-,"Contrato SQL do bl_timeline.",2026-06-25
F-022,Revisao operacional,"Como operador, quero corrigir pendencias e recomputar o gate canonico.","useReview + save_bl_review recomputa gate; atualiza fila, B/Ls, clientes e auditoria.","Pendencia residual; matching de cliente incerto; gate reaberto.","Revisao.test.tsx; revisaoHelpers.test.ts; reviewGateHardeningMigration.test.ts","PASS",0,-,"",2026-06-25
F-023,Revisao -> calculo e faturamento,"Como operador, quero calcular e faturar apos zerar pendencias.","calculate_bl_local_charges + mark_bl_ready_and_create_invoice so emitem com lista canonica vazia.","Lista canonica nao vazia bloqueia; auto-emissao best-effort; falha reverte.","reviewBillingAutomation.test.ts; markBlsReadyAndCreateInvoiceMigration.test.ts","PASS",0,-,"",2026-06-25
F-024,Clientes (CRUD/import/export),"Como operador, quero filtrar, criar, importar, exportar e excluir clientes.","useCustomers + servicos; atualiza base, vinculos retroativos e caches.","Duplicidade de documento; delete com dependencia; import parcial.","customers.test.ts; customers.delete.test.ts; customerCreateAtomic.test.ts; browser write (iteracao 6)","PASS",0,-,"Criar cliente validado em runtime de browser (persistiu no banco).",2026-06-25
F-025,Cliente ficha (contatos/conta Portal),"Como operador, quero editar ficha, contatos e conta do Portal.","Ativacao exige auth_user_id; provision-portal-user; invalida ficha/listas.","Ativar sem auth_user_id bloqueado; reset de usuario; email duplicado.","ClienteFicha.behavior.test.tsx; customers.test.ts; customerUpdateAuditAtomic.test.ts","PASS",0,-,"Edge function mockada, nao executada.",2026-06-25
F-026,Taxas locais (tabelas/itens/overrides),"Como admin, quero gerir tabelas, itens e overrides de taxa.","Servicos de charge table/rate; invalida queryKeys.charges.*.","Vigencia de tabela como gate; override por cliente; item invalido.","TaxasLocais.test.ts; taxasLocaisHelpers.test.ts; chargeRateService.test.ts; localCharges.test.ts","PASS",0,-,"",2026-06-25
F-027,Faturamento (emitir individual/consolidada),"Como admin, quero validar B/Ls e emitir invoice individual ou consolidada.","invoice/ledger RPCs; atualiza invoices, recebiveis, B/Ls, clientes e alertas.","Cliente com invoice vencida bloqueia (trigger); vinculo ativo duplicado; consolidada vazia.","Faturamento.behavior.test.tsx; Faturamento.test.ts; faturamentoInvoiceStatus.test.ts; billing.test.ts; billingLedger.test.ts","PASS",0,-,"",2026-06-25
F-028,Faturamento (pagamento/cancelar/restituir),"Como admin, quero registrar pagamento, cancelar, restituir e imprimir invoice.","payments/settlements/refunds e lifecycle RPCs mantem saldo coerente.","Pagamento parcial/total; cancelar com pagamento bloqueado; excedente gera restituicao.","billingCancelInvoice.test.ts; ledgerPartialPaymentsMigration.test.ts; pixExactAndRefundsMigration.test.ts; settleInvoiceRefundsMigration.test.ts; faturamentoLedgerPayment.test.ts; browser write (iteracao 6)","PASS",0,-,"Cancelar invoice validado em runtime de browser (status+auditoria); baixa via ledger exige seed com invoice_receivable_links.",2026-06-25
F-029,Alertas,"Como operador, quero filtrar, reconhecer e fechar alertas.","useOperationalAlerts/alerts.ts; invalida alerts, op-count e dashboard.","Alerta de overdue/billing/disputa; fechar ja fechado; filtro vazio.","alertsTransitions.test.ts; browser write (iteracao 7)","PASS",0,-,"Reconhecer e fechar validados em runtime de browser.",2026-06-25
F-030,Relatorios (consulta/export XLSX),"Como operador, quero consultar e exportar relatorios em XLSX.","reports.ts/exports.ts; caches por aba/filtro; export gera arquivo local.","Conjunto vazio; filtro de data invertido; arquivo grande.","Relatorios.behavior.test.tsx; reports.test.ts; exports.test.ts","PASS",0,-,"",2026-06-25
F-031,Demurrage (containers e invoices),"Como operador, quero acompanhar containers e gerir invoices de demurrage.","Calculo por datas/tarifas (calculateDemurrage); recalculo diario da PTAX (ADR 0014) com banner e Informar PTAX.","Free time override > fim de P1 (DEF-001); container ainda fora; PTAX stale.","calculateDemurrage.test.ts; demurrageService.test.ts; createDemurrageInvoiceAtomic.test.ts; demurrageKpis.test.ts; fetchROE.test.ts","PASS",1,High,"DEF-001 corrigido em 2026-06-25: P2 nao conta dias dentro do free time override.",2026-06-25
F-032,Reconciliacao PIX (importar/confirmar),"Como admin, quero importar extrato, classificar e confirmar PIX.","confirm_unified_pix_matches concilia local (TXID/valor) e demurrage em lote atomico.","TXID ausente/vazio; valor ambiguo (decisao humana); erro aborta lote.","reconciliacao.test.ts; reconciliationInvoiceType.test.ts","PASS",0,-,"pix.ts protegido.",2026-06-25
F-033,Reconciliacao PIX (historico/reverter),"Como admin, quero consultar historico e reverter pagamento.","RPCs de reversao com justificativa obrigatoria; reconstitui estados e limpa efeitos PIX.","Justificativa ausente bloqueia; reversao de consolidada; paginacao.","reconciliationHistoryPagination.test.ts; reversalJustificationMigration.test.ts; reversalBlsFinancialStatusMigration.test.ts","PASS",0,-,"",2026-06-25
F-034,Granito (import/calcular/faturar),"Como operador, quero importar COSCO, calcular e faturar Granito.","graniteImport/graniteCharges + billing; persistencia propria integra invoice downstream.","Planilha COSCO malformada; rate vigente; invoice ativa duplicada (trigger).","Granite.behavior.test.tsx; graniteImportAtomic.test.ts; graniteCharges.test.ts; graniteBillingWorkflow.test.ts; graniteInvoiceClassification.test.ts","PASS",0,-,"",2026-06-25
F-035,Granito taxas,"Como admin, quero gerir tarifas de Granito.","CRUD/ativacao afeta calculos futuros.","Tarifa inativa; vigencia; rate ausente.","graniteCharges.test.ts; validacaoGraniteWorkflowContract.test.ts","PASS",0,-,"Runtime nao executado.",2026-06-25
F-036,Demurrage taxas,"Como admin, quero gerir tarifas de demurrage.","demurrageRates.ts/demurrage_rates; CRUD/ativacao atualiza calculo futuro.","active flag desativa imediato; valid_to expira agendado; sem rate dinamica usa fallback; criar sem Valido de (default do banco).","DemurrageRates.behavior.test.tsx; demurrageService.test.ts; demurrageRatesHelpers.test.ts; browser write (iteracao 7)","PASS",1,Medium,"DEF-003 corrigido (2026-06-25): criar sem Valido de nao envia valid_from nulo. CRUD validado em runtime de browser.",2026-06-25
F-037,Embarque de vazios,"Como operador, quero importar bookings e filtrar vazios de exportacao.","vaziosImport; importacao limitada por arquivo e viagem.","Arquivo acima do limite; viagem inexistente; duplicidade de booking.","vaziosImportsAtomic.test.ts; uploadLimits.test.ts","PASS",0,-,"",2026-06-25
F-038,Vazios de importacao,"Como operador, quero importar planilha/Baplie e remover manifesto.","vaziosImportacaoImport; reimport respeita manifesto e origem; delete por viagem.","Reimport substitui; delete admin-only; cascade de containers.","vaziosImportacaoImport.test.ts; VaziosRedirect.test.tsx","PASS",0,-,"",2026-06-25
F-039,Baplie EDI,"Como operador, quero importar staging e resolver divergencias.","Parser/import/reconciliation; substitui staging da viagem sem sobrescrever campos comerciais.","Divergencia de existencia; divergencia de atributo (escolha de fonte); reimport substitui staging.","baplieReconciliation.test.ts; baplieInvalidation.test.ts","PASS",0,-,"",2026-06-25
F-040,Chegadas e saidas,"Como operador, quero gerir, importar, ordenar e arquivar programacao.","useVesselSchedules; vessel_schedules/ended_vessels; realtime invalida widget do Portal.","Arquivar escala (snapshot ended_vessels); ordenacao; realtime.","ChegadasSaidas.behavior.test.tsx; vesselSchedules.test.ts; vesselScheduleAdmin.test.ts; vesselScheduleImport.test.ts; browser runtime (iteracao 5)","PASS",0,-,"Runtime de browser validado contra dados reais (iteracao 5).",2026-06-25
F-041,Admin usuarios,"Como admin, quero alterar role/ativo e consultar auditoria/metricas.","adminUsers.ts sob ProtectedRoute adminOnly; invalida usuarios, auditoria e metricas.","Autoelevacao bloqueada (trigger); desativar a si mesmo; metricas vazias.","AdminUsuarios.behavior.test.tsx; adminObservability.test.ts; browser runtime (iteracao 5)","PASS",0,-,"Runtime de browser validado contra dados reais (iteracao 5).",2026-06-25
F-042,Redirecionamentos de rota,"Como usuario, quero que rotas legadas e desconhecidas redirecionem corretamente.","Navigate replace para /painel, /demurrage, /reconciliacao, /embarquevazios conforme rota.","Rota desconhecida (*); query string preservada; replace evita historico extra.","VaziosRedirect.test.tsx; cargaSoltaRoute.test.ts; browser smoke (iteracao 3)","PASS",0,-,"Guard de rota e fallback validados em runtime de browser.",2026-06-25
F-043,Edge function provision-portal-user,"Como admin, quero provisionar usuario do Portal de forma segura.","verify_jwt; valida perfil ativo e role admin; CORS allowlist; rate limit 20/h; Auth Admin createUser/updateUserById.","401/403/429/400/404/409/500; origem rejeitada; frontend exige auth_user_id antes de ativar.","customers.test.ts (mock de ordem/falha)","PASS",0,-,"Edge nao executada em teste.",2026-06-25
F-044,Edge function notify-invoice-issued,"Como sistema, quero (futuramente) notificar cliente por email na emissao.","Bearer timing-safe = service role; le invoices/customers/contacts; envia via Resend.","Inativa em producao (sem webhook/RESEND_API_KEY); notificacao atual e in-app.","-","WAIVED",0,Low,"Inativa por decisao; notificacao in-app via trg_notify_invoice_issued.",2026-06-25
F-045,Recalculo diario de ROE (PTAX),"Como sistema, quero recalcular o BRL de invoices de demurrage nao pagas a cada PTAX.","recalculate_demurrage_invoices(_manual); markup 1.065; congela no pagamento; grava historico imutavel.","PTAX stale (banner); dia nao util; invoice paga nao recalcula.","fetchROE.test.ts; createDemurrageInvoiceMigration.test.ts","PASS",0,-,"USD fixo na emissao; so BRL flutua.",2026-06-25
